,node1,node2,trail,distance
0,1,2,a,1095.9769370809922
1,1,2,b,1095.9769370809922
2,1,3,c,4702.2303185669
3,1,3,d,4702.2303185669
4,1,4,e,5027.215597887405
5,2,4,f,1650.0038099494177
6,3,4,g,2559.0294876803155
7,7,9,h,58
8,10,2,i,55
9,5,5,k,855
